cell,k,small_size,stage,quantity,value
k5_s2,5,2,H0,mu_short,0.31567
k5_s2,5,2,H0,mu_long_near,0.10466
k5_s2,5,2,H0,mu_long_far,-0.03141
k5_s2,5,2,H0,mu_cross,-0.085
k5_s2,5,2,H0,M_far,0.05359
k5_s2,5,2,Hattn1,mu_short,0.47469
k5_s2,5,2,Hattn1,mu_long_near,0.261
k5_s2,5,2,Hattn1,mu_long_far,0.00675
k5_s2,5,2,Hattn1,mu_cross,-0.0672
k5_s2,5,2,Hattn1,M_far,0.07396
k5_s2,5,2,H1,mu_short,0.87577
k5_s2,5,2,H1,mu_long_near,0.28919
k5_s2,5,2,H1,mu_long_far,0.07484
k5_s2,5,2,H1,mu_cross,-0.03962
k5_s2,5,2,H1,M_far,0.11445
k5_s2,5,2,Hattn2,mu_short,0.90971
k5_s2,5,2,Hattn2,mu_long_near,0.78929
k5_s2,5,2,Hattn2,mu_long_far,0.47589
k5_s2,5,2,Hattn2,mu_cross,0.45049
k5_s2,5,2,Hattn2,M_far,0.0254
k5_s2,5,2,H2,mu_short,0.10407
k5_s2,5,2,H2,mu_long_near,0.75362
k5_s2,5,2,H2,mu_long_far,0.5749
k5_s2,5,2,H2,mu_cross,-0.1599
k5_s2,5,2,H2,M_far,0.7348
k5_s3,5,3,H0,mu_short,0.14705
k5_s3,5,3,H0,mu_long_near,0.10657
k5_s3,5,3,H0,mu_long_far,-0.0338
k5_s3,5,3,H0,mu_cross,-0.06311
k5_s3,5,3,H0,M_far,0.02931
k5_s3,5,3,Hattn1,mu_short,0.27423
k5_s3,5,3,Hattn1,mu_long_near,0.26376
k5_s3,5,3,Hattn1,mu_long_far,0.00323
k5_s3,5,3,Hattn1,mu_cross,-0.04336
k5_s3,5,3,Hattn1,M_far,0.04659
k5_s3,5,3,H1,mu_short,0.51097
k5_s3,5,3,H1,mu_long_near,0.28702
k5_s3,5,3,H1,mu_long_far,0.06729
k5_s3,5,3,H1,mu_cross,-0.04353
k5_s3,5,3,H1,M_far,0.11082
k5_s3,5,3,Hattn2,mu_short,0.74278
k5_s3,5,3,Hattn2,mu_long_near,0.79171
k5_s3,5,3,Hattn2,mu_long_far,0.50594
k5_s3,5,3,Hattn2,mu_cross,0.39783
k5_s3,5,3,Hattn2,M_far,0.10811
k5_s3,5,3,H2,mu_short,0.12385
k5_s3,5,3,H2,mu_long_near,0.75491
k5_s3,5,3,H2,mu_long_far,0.60868
k5_s3,5,3,H2,mu_cross,-0.15548
k5_s3,5,3,H2,M_far,0.76417
k5_s4,5,4,H0,mu_short,0.08366
k5_s4,5,4,H0,mu_long_near,0.10874
k5_s4,5,4,H0,mu_long_far,-0.03754
k5_s4,5,4,H0,mu_cross,-0.05192
k5_s4,5,4,H0,M_far,0.01438
k5_s4,5,4,Hattn1,mu_short,0.19509
k5_s4,5,4,Hattn1,mu_long_near,0.26792
k5_s4,5,4,Hattn1,mu_long_far,-0.00274
k5_s4,5,4,Hattn1,mu_cross,-0.02682
k5_s4,5,4,Hattn1,M_far,0.02407
k5_s4,5,4,H1,mu_short,0.27685
k5_s4,5,4,H1,mu_long_near,0.28416
k5_s4,5,4,H1,mu_long_far,0.05687
k5_s4,5,4,H1,mu_cross,-0.00335
k5_s4,5,4,H1,M_far,0.06022
k5_s4,5,4,Hattn2,mu_short,0.6171
k5_s4,5,4,Hattn2,mu_long_near,0.86287
k5_s4,5,4,Hattn2,mu_long_far,0.70513
k5_s4,5,4,Hattn2,mu_cross,0.52312
k5_s4,5,4,Hattn2,M_far,0.18201
k5_s4,5,4,H2,mu_short,0.06573
k5_s4,5,4,H2,mu_long_near,0.82977
k5_s4,5,4,H2,mu_long_far,0.73767
k5_s4,5,4,H2,mu_cross,-0.1113
k5_s4,5,4,H2,M_far,0.84897
k5_s5,5,5,H0,mu_short,0.05268
k5_s5,5,5,H0,mu_long_near,0.11228
k5_s5,5,5,H0,mu_long_far,-0.04182
k5_s5,5,5,H0,mu_cross,-0.04522
k5_s5,5,5,H0,M_far,0.0034
k5_s5,5,5,Hattn1,mu_short,0.15427
k5_s5,5,5,Hattn1,mu_long_near,0.27508
k5_s5,5,5,Hattn1,mu_long_far,-0.00782
k5_s5,5,5,Hattn1,mu_cross,-0.01641
k5_s5,5,5,Hattn1,M_far,0.00859
k5_s5,5,5,H1,mu_short,0.19742
k5_s5,5,5,H1,mu_long_near,0.27962
k5_s5,5,5,H1,mu_long_far,0.04483
k5_s5,5,5,H1,mu_cross,0.03158
k5_s5,5,5,H1,M_far,0.01325
k5_s5,5,5,Hattn2,mu_short,0.81608
k5_s5,5,5,Hattn2,mu_long_near,0.85222
k5_s5,5,5,Hattn2,mu_long_far,0.71718
k5_s5,5,5,Hattn2,mu_cross,0.65759
k5_s5,5,5,Hattn2,M_far,0.05959
k5_s5,5,5,H2,mu_short,0.24931
k5_s5,5,5,H2,mu_long_near,0.82647
k5_s5,5,5,H2,mu_long_far,0.7218
k5_s5,5,5,H2,mu_cross,0.15388
k5_s5,5,5,H2,M_far,0.56792
k6_s2,6,2,H0,mu_short,0.29224
k6_s2,6,2,H0,mu_long_near,0.10511
k6_s2,6,2,H0,mu_long_far,-0.03243
k6_s2,6,2,H0,mu_cross,-0.08371
k6_s2,6,2,H0,M_far,0.05128
k6_s2,6,2,Hattn1,mu_short,0.45732
k6_s2,6,2,Hattn1,mu_long_near,0.26167
k6_s2,6,2,Hattn1,mu_long_far,0.00498
k6_s2,6,2,Hattn1,mu_cross,-0.06548
k6_s2,6,2,Hattn1,M_far,0.07047
k6_s2,6,2,H1,mu_short,0.87109
k6_s2,6,2,H1,mu_long_near,0.28819
k6_s2,6,2,H1,mu_long_far,0.07118
k6_s2,6,2,H1,mu_cross,-0.03777
k6_s2,6,2,H1,M_far,0.10895
k6_s2,6,2,Hattn2,mu_short,0.92616
k6_s2,6,2,Hattn2,mu_long_near,0.82695
k6_s2,6,2,Hattn2,mu_long_far,0.58299
k6_s2,6,2,Hattn2,mu_cross,0.55844
k6_s2,6,2,Hattn2,M_far,0.02456
k6_s2,6,2,H2,mu_short,0.12108
k6_s2,6,2,H2,mu_long_near,0.79202
k6_s2,6,2,H2,mu_long_far,0.65004
k6_s2,6,2,H2,mu_cross,-0.03155
k6_s2,6,2,H2,M_far,0.68159
k6_s3,6,3,H0,mu_short,0.12458
k6_s3,6,3,H0,mu_long_near,0.1081
k6_s3,6,3,H0,mu_long_far,-0.03622
k6_s3,6,3,H0,mu_cross,-0.06152
k6_s3,6,3,H0,M_far,0.0253
k6_s3,6,3,Hattn1,mu_short,0.2457
k6_s3,6,3,Hattn1,mu_long_near,0.26682
k6_s3,6,3,Hattn1,mu_long_far,-0.00015
k6_s3,6,3,Hattn1,mu_cross,-0.04066
k6_s3,6,3,Hattn1,M_far,0.04051
k6_s3,6,3,H1,mu_short,0.51008
k6_s3,6,3,H1,mu_long_near,0.28536
k6_s3,6,3,H1,mu_long_far,0.05991
k6_s3,6,3,H1,mu_cross,-0.04054
k6_s3,6,3,H1,M_far,0.10045
k6_s3,6,3,Hattn2,mu_short,0.78431
k6_s3,6,3,Hattn2,mu_long_near,0.83032
k6_s3,6,3,Hattn2,mu_long_far,0.62108
k6_s3,6,3,Hattn2,mu_cross,0.48837
k6_s3,6,3,Hattn2,M_far,0.13271
k6_s3,6,3,H2,mu_short,0.206
k6_s3,6,3,H2,mu_long_near,0.79803
k6_s3,6,3,H2,mu_long_far,0.69254
k6_s3,6,3,H2,mu_cross,0.01411
k6_s3,6,3,H2,M_far,0.67842
k6_s4,6,4,H0,mu_short,0.06471
k6_s4,6,4,H0,mu_long_near,0.11217
k6_s4,6,4,H0,mu_long_far,-0.04222
k6_s4,6,4,H0,mu_cross,-0.05002
k6_s4,6,4,H0,M_far,0.00781
k6_s4,6,4,Hattn1,mu_short,0.16413
k6_s4,6,4,Hattn1,mu_long_near,0.27425
k6_s4,6,4,Hattn1,mu_long_far,-0.00833
k6_s4,6,4,Hattn1,mu_cross,-0.02321
k6_s4,6,4,Hattn1,M_far,0.01488
k6_s4,6,4,H1,mu_short,0.27051
k6_s4,6,4,H1,mu_long_near,0.28007
k6_s4,6,4,H1,mu_long_far,0.04433
k6_s4,6,4,H1,mu_cross,0.00104
k6_s4,6,4,H1,M_far,0.04329
k6_s4,6,4,Hattn2,mu_short,0.64113
k6_s4,6,4,Hattn2,mu_long_near,0.89979
k6_s4,6,4,Hattn2,mu_long_far,0.80568
k6_s4,6,4,Hattn2,mu_cross,0.57231
k6_s4,6,4,Hattn2,M_far,0.23338
k6_s4,6,4,H2,mu_short,0.09805
k6_s4,6,4,H2,mu_long_near,0.88073
k6_s4,6,4,H2,mu_long_far,0.83527
k6_s4,6,4,H2,mu_cross,0.09289
k6_s4,6,4,H2,M_far,0.74238
k7_s2,7,2,H0,mu_short,0.27607
k7_s2,7,2,H0,mu_long_near,0.10609
k7_s2,7,2,H0,mu_long_far,-0.03378
k7_s2,7,2,H0,mu_cross,-0.08211
k7_s2,7,2,H0,M_far,0.04833
k7_s2,7,2,Hattn1,mu_short,0.44408
k7_s2,7,2,Hattn1,mu_long_near,0.26327
k7_s2,7,2,Hattn1,mu_long_far,0.00313
k7_s2,7,2,Hattn1,mu_cross,-0.06272
k7_s2,7,2,Hattn1,M_far,0.06584
k7_s2,7,2,H1,mu_short,0.86777
k7_s2,7,2,H1,mu_long_near,0.28713
k7_s2,7,2,H1,mu_long_far,0.06741
k7_s2,7,2,H1,mu_cross,-0.03583
k7_s2,7,2,H1,M_far,0.10323
k7_s2,7,2,Hattn2,mu_short,0.94008
k7_s2,7,2,Hattn2,mu_long_near,0.85836
k7_s2,7,2,Hattn2,mu_long_far,0.67062
k7_s2,7,2,Hattn2,mu_cross,0.64504
k7_s2,7,2,Hattn2,M_far,0.02558
k7_s2,7,2,H2,mu_short,0.23867
k7_s2,7,2,H2,mu_long_near,0.82612
k7_s2,7,2,H2,mu_long_far,0.71597
k7_s2,7,2,H2,mu_cross,0.12934
k7_s2,7,2,H2,M_far,0.58663
k7_s3,7,3,H0,mu_short,0.11
k7_s3,7,3,H0,mu_long_near,0.11039
k7_s3,7,3,H0,mu_long_far,-0.03948
k7_s3,7,3,H0,mu_cross,-0.0594
k7_s3,7,3,H0,M_far,0.01992
k7_s3,7,3,Hattn1,mu_short,0.22853
k7_s3,7,3,Hattn1,mu_long_near,0.27096
k7_s3,7,3,Hattn1,mu_long_far,-0.005
k7_s3,7,3,Hattn1,mu_cross,-0.03737
k7_s3,7,3,Hattn1,M_far,0.03237
k7_s3,7,3,H1,mu_short,0.51065
k7_s3,7,3,H1,mu_long_near,0.28233
k7_s3,7,3,H1,mu_long_far,0.05073
k7_s3,7,3,H1,mu_cross,-0.03634
k7_s3,7,3,H1,M_far,0.08707
k7_s3,7,3,Hattn2,mu_short,0.82016
k7_s3,7,3,Hattn2,mu_long_near,0.86597
k7_s3,7,3,Hattn2,mu_long_far,0.72274
k7_s3,7,3,Hattn2,mu_cross,0.56603
k7_s3,7,3,Hattn2,M_far,0.1567
k7_s3,7,3,H2,mu_short,0.46662
k7_s3,7,3,H2,mu_long_near,0.82687
k7_s3,7,3,H2,mu_long_far,0.75418
k7_s3,7,3,H2,mu_cross,0.21927
k7_s3,7,3,H2,M_far,0.5349
