split_a,pair_type,mean_cos,frac_positive,n_pairs
1,within_long,0.72,0.9992,396000
1,cut,0.5195,0.9944,9000
1,cut,0.5195,0.9944,9000
1,within_long_d1,0.9747,1.0,88
1,within_long_d2,0.9404,1.0,86
1,within_long_d3,0.9138,1.0,84
1,within_long_d4,0.8899,1.0,82
1,within_long_d5,0.8631,1.0,80
1,within_long_d6,0.8368,1.0,78
1,within_long_d7,0.8182,1.0,76
1,within_long_d8,0.8129,1.0,74
1,within_long_d9,0.8089,1.0,72
1,within_long_d10,0.7993,1.0,70
1,within_long_d11,0.7839,1.0,68
1,within_long_d12,0.7704,1.0,66
1,within_long_d13,0.7589,1.0,64
1,within_long_d14,0.7467,1.0,62
1,within_long_d15,0.7308,0.9998,60
1,within_long_d16,0.7152,0.9991,58
1,within_long_d17,0.7041,0.9991,56
1,within_long_d18,0.6953,0.9991,54
1,within_long_d19,0.6857,0.999,52
1,within_long_d20,0.6753,0.9984,50
1,within_long_d21,0.6642,0.9992,48
1,within_long_d22,0.6521,0.9989,46
1,within_long_d23,0.6391,0.9989,44
1,within_long_d24,0.625,0.9986,42
1,within_long_d25,0.6097,0.999,40
1,within_long_d26,0.5929,0.9987,38
1,within_long_d27,0.5747,0.9989,36
1,within_long_d28,0.5551,0.9982,34
1,within_long_d29,0.5343,0.9984,32
1,within_long_d30,0.5119,0.9983,30
1,within_long_d31,0.4877,0.9982,28
1,within_long_d32,0.4606,0.9973,26
1,within_long_d33,0.4302,0.9967,24
1,within_long_d34,0.3968,0.9959,22
1,within_long_d35,0.3606,0.996,20
1,within_long_d36,0.3222,0.995,18
1,within_long_d37,0.2839,0.995,16
1,within_long_d38,0.2464,0.9943,14
1,within_long_d39,0.209,0.9958,12
1,within_long_d40,0.1779,1.0,10
1,within_long_d41,0.1469,0.9988,8
1,within_long_d42,0.1223,0.9917,6
1,within_long_d43,0.1083,0.985,4
1,within_long_d44,0.1077,0.99,2
2,within_long,0.8153,1.0,378400
2,within_short,1.0,1.0,400
2,cut,-0.3647,0.0,17600
2,cut,-0.3647,0.0,17600
2,within_long_d1,0.9798,1.0,86
2,within_long_d2,0.9541,1.0,84
2,within_long_d3,0.935,1.0,82
2,within_long_d4,0.9167,1.0,80
2,within_long_d5,0.8958,1.0,78
2,within_long_d6,0.875,1.0,76
2,within_long_d7,0.8593,1.0,74
2,within_long_d8,0.8535,1.0,72
2,within_long_d9,0.8501,1.0,70
2,within_long_d10,0.845,1.0,68
2,within_long_d11,0.8383,1.0,66
2,within_long_d12,0.8337,1.0,64
2,within_long_d13,0.8309,1.0,62
2,within_long_d14,0.8277,1.0,60
2,within_long_d15,0.8202,1.0,58
2,within_long_d16,0.811,1.0,56
2,within_long_d17,0.8043,1.0,54
2,within_long_d18,0.7987,1.0,52
2,within_long_d19,0.7922,1.0,50
2,within_long_d20,0.7853,1.0,48
2,within_long_d21,0.7779,1.0,46
2,within_long_d22,0.7698,1.0,44
2,within_long_d23,0.7612,1.0,42
2,within_long_d24,0.7519,1.0,40
2,within_long_d25,0.7419,1.0,38
2,within_long_d26,0.7313,1.0,36
2,within_long_d27,0.7204,1.0,34
2,within_long_d28,0.7093,1.0,32
2,within_long_d29,0.6982,1.0,30
2,within_long_d30,0.6873,1.0,28
2,within_long_d31,0.6762,1.0,26
2,within_long_d32,0.6646,1.0,24
2,within_long_d33,0.6522,1.0,22
2,within_long_d34,0.638,1.0,20
2,within_long_d35,0.6219,1.0,18
2,within_long_d36,0.605,1.0,16
2,within_long_d37,0.5859,1.0,14
2,within_long_d38,0.5587,1.0,12
2,within_long_d39,0.5285,1.0,10
2,within_long_d40,0.4941,1.0,8
2,within_long_d41,0.4654,1.0,6
2,within_long_d42,0.4418,1.0,4
2,within_long_d43,0.4233,1.0,2
3,within_long,0.9661,1.0,361200
3,within_short,0.8959,1.0,1200
3,cut,-0.6944,0.0,25800
3,cut,-0.6944,0.0,25800
3,within_long_d1,0.9967,1.0,84
3,within_long_d2,0.9923,1.0,82
3,within_long_d3,0.9883,1.0,80
3,within_long_d4,0.9842,1.0,78
3,within_long_d5,0.9798,1.0,76
3,within_long_d6,0.9749,1.0,74
3,within_long_d7,0.9702,1.0,72
3,within_long_d8,0.9665,1.0,70
3,within_long_d9,0.9637,1.0,68
3,within_long_d10,0.9613,1.0,66
3,within_long_d11,0.9592,1.0,64
3,within_long_d12,0.9574,1.0,62
3,within_long_d13,0.9563,1.0,60
3,within_long_d14,0.9556,1.0,58
3,within_long_d15,0.9551,1.0,56
3,within_long_d16,0.9549,1.0,54
3,within_long_d17,0.9547,1.0,52
3,within_long_d18,0.9545,1.0,50
3,within_long_d19,0.9543,1.0,48
3,within_long_d20,0.9543,1.0,46
3,within_long_d21,0.9543,1.0,44
3,within_long_d22,0.9544,1.0,42
3,within_long_d23,0.9546,1.0,40
3,within_long_d24,0.9548,1.0,38
3,within_long_d25,0.9552,1.0,36
3,within_long_d26,0.9555,1.0,34
3,within_long_d27,0.956,1.0,32
3,within_long_d28,0.9566,1.0,30
3,within_long_d29,0.9573,1.0,28
3,within_long_d30,0.9582,1.0,26
3,within_long_d31,0.9595,1.0,24
3,within_long_d32,0.9612,1.0,22
3,within_long_d33,0.9633,1.0,20
3,within_long_d34,0.9662,1.0,18
3,within_long_d35,0.9687,1.0,16
3,within_long_d36,0.9693,1.0,14
3,within_long_d37,0.9673,1.0,12
3,within_long_d38,0.9684,1.0,10
3,within_long_d39,0.9694,1.0,8
3,within_long_d40,0.9678,1.0,6
3,within_long_d41,0.9693,1.0,4
3,within_long_d42,0.9704,1.0,2
4,within_long,0.9402,1.0,344400
4,within_short,0.9719,1.0,2400
4,cut,-0.5237,0.0,33600
4,cut,-0.5237,0.0,33600
4,within_long_d1,0.9938,1.0,82
4,within_long_d2,0.9851,1.0,80
4,within_long_d3,0.9775,1.0,78
4,within_long_d4,0.9696,1.0,76
4,within_long_d5,0.961,1.0,74
4,within_long_d6,0.9521,1.0,72
4,within_long_d7,0.9443,1.0,70
4,within_long_d8,0.9395,1.0,68
4,within_long_d9,0.9362,1.0,66
4,within_long_d10,0.9334,1.0,64
4,within_long_d11,0.9314,1.0,62
4,within_long_d12,0.9306,1.0,60
4,within_long_d13,0.9309,1.0,58
4,within_long_d14,0.9315,1.0,56
4,within_long_d15,0.9308,1.0,54
4,within_long_d16,0.9292,1.0,52
4,within_long_d17,0.9281,1.0,50
4,within_long_d18,0.9271,1.0,48
4,within_long_d19,0.9259,1.0,46
4,within_long_d20,0.9248,1.0,44
4,within_long_d21,0.9236,1.0,42
4,within_long_d22,0.9225,1.0,40
4,within_long_d23,0.9213,1.0,38
4,within_long_d24,0.9201,1.0,36
4,within_long_d25,0.9193,1.0,34
4,within_long_d26,0.9187,1.0,32
4,within_long_d27,0.9185,1.0,30
4,within_long_d28,0.9186,1.0,28
4,within_long_d29,0.9192,1.0,26
4,within_long_d30,0.92,1.0,24
4,within_long_d31,0.9209,1.0,22
4,within_long_d32,0.9219,1.0,20
4,within_long_d33,0.9237,1.0,18
4,within_long_d34,0.9258,1.0,16
4,within_long_d35,0.927,1.0,14
4,within_long_d36,0.9245,1.0,12
4,within_long_d37,0.9194,1.0,10
4,within_long_d38,0.9087,1.0,8
4,within_long_d39,0.8944,1.0,6
4,within_long_d40,0.8839,1.0,4
4,within_long_d41,0.8708,1.0,2
5,within_long,0.9453,1.0,328000
5,within_short,0.899,1.0,4000
5,cut,-0.6349,0.0,41000
5,cut,-0.6349,0.0,41000
5,within_long_d1,0.9947,1.0,80
5,within_long_d2,0.9868,1.0,78
5,within_long_d3,0.9794,1.0,76
5,within_long_d4,0.9715,1.0,74
5,within_long_d5,0.9632,1.0,72
5,within_long_d6,0.9549,1.0,70
5,within_long_d7,0.948,1.0,68
5,within_long_d8,0.9436,1.0,66
5,within_long_d9,0.9406,1.0,64
5,within_long_d10,0.9384,1.0,62
5,within_long_d11,0.9369,1.0,60
5,within_long_d12,0.9364,1.0,58
5,within_long_d13,0.9367,1.0,56
5,within_long_d14,0.9371,1.0,54
5,within_long_d15,0.9364,1.0,52
5,within_long_d16,0.935,1.0,50
5,within_long_d17,0.9341,1.0,48
5,within_long_d18,0.9331,1.0,46
5,within_long_d19,0.9322,1.0,44
5,within_long_d20,0.9312,1.0,42
5,within_long_d21,0.9302,1.0,40
5,within_long_d22,0.9291,1.0,38
5,within_long_d23,0.9281,1.0,36
5,within_long_d24,0.9271,1.0,34
5,within_long_d25,0.9261,1.0,32
5,within_long_d26,0.9252,1.0,30
5,within_long_d27,0.9244,1.0,28
5,within_long_d28,0.9237,1.0,26
5,within_long_d29,0.9233,1.0,24
5,within_long_d30,0.9235,1.0,22
5,within_long_d31,0.9243,1.0,20
5,within_long_d32,0.9263,1.0,18
5,within_long_d33,0.9293,1.0,16
5,within_long_d34,0.9324,1.0,14
5,within_long_d35,0.9339,1.0,12
5,within_long_d36,0.9331,1.0,10
5,within_long_d37,0.9271,1.0,8
5,within_long_d38,0.9165,1.0,6
5,within_long_d39,0.9086,1.0,4
5,within_long_d40,0.8996,1.0,2
6,within_long,0.935,1.0,312000
6,within_short,0.8125,1.0,6000
6,cut,-0.6387,0.0,48000
6,cut,-0.6387,0.0,48000
6,within_long_d1,0.9938,1.0,78
6,within_long_d2,0.9845,1.0,76
6,within_long_d3,0.9758,1.0,74
6,within_long_d4,0.9666,1.0,72
6,within_long_d5,0.9569,1.0,70
6,within_long_d6,0.9474,1.0,68
6,within_long_d7,0.9394,1.0,66
6,within_long_d8,0.9344,1.0,64
6,within_long_d9,0.9309,1.0,62
6,within_long_d10,0.9281,1.0,60
6,within_long_d11,0.9262,1.0,58
6,within_long_d12,0.9257,1.0,56
6,within_long_d13,0.926,1.0,54
6,within_long_d14,0.9261,1.0,52
6,within_long_d15,0.9247,1.0,50
6,within_long_d16,0.9227,1.0,48
6,within_long_d17,0.9213,1.0,46
6,within_long_d18,0.9199,1.0,44
6,within_long_d19,0.9185,1.0,42
6,within_long_d20,0.917,1.0,40
6,within_long_d21,0.9155,1.0,38
6,within_long_d22,0.9138,1.0,36
6,within_long_d23,0.912,1.0,34
6,within_long_d24,0.9104,1.0,32
6,within_long_d25,0.9091,1.0,30
6,within_long_d26,0.9081,1.0,28
6,within_long_d27,0.9076,1.0,26
6,within_long_d28,0.9074,1.0,24
6,within_long_d29,0.9075,1.0,22
6,within_long_d30,0.9079,1.0,20
6,within_long_d31,0.9092,1.0,18
6,within_long_d32,0.911,1.0,16
6,within_long_d33,0.9123,1.0,14
6,within_long_d34,0.9111,1.0,12
6,within_long_d35,0.9083,1.0,10
6,within_long_d36,0.9012,1.0,8
6,within_long_d37,0.8895,1.0,6
6,within_long_d38,0.8796,1.0,4
6,within_long_d39,0.8696,1.0,2
7,within_long,0.9255,1.0,296400
7,within_short,0.8715,1.0,8400
7,cut,-0.6617,0.0,54600
7,cut,-0.6617,0.0,54600
7,within_long_d1,0.9927,1.0,76
7,within_long_d2,0.9818,1.0,74
7,within_long_d3,0.9717,1.0,72
7,within_long_d4,0.961,1.0,70
7,within_long_d5,0.95,1.0,68
7,within_long_d6,0.939,1.0,66
7,within_long_d7,0.9298,1.0,64
7,within_long_d8,0.924,1.0,62
7,within_long_d9,0.9199,1.0,60
7,within_long_d10,0.9166,1.0,58
7,within_long_d11,0.9144,1.0,56
7,within_long_d12,0.9138,1.0,54
7,within_long_d13,0.9142,1.0,52
7,within_long_d14,0.9144,1.0,50
7,within_long_d15,0.9129,1.0,48
7,within_long_d16,0.9106,1.0,46
7,within_long_d17,0.9089,1.0,44
7,within_long_d18,0.9075,1.0,42
7,within_long_d19,0.9058,1.0,40
7,within_long_d20,0.904,1.0,38
7,within_long_d21,0.902,1.0,36
7,within_long_d22,0.8999,1.0,34
7,within_long_d23,0.898,1.0,32
7,within_long_d24,0.8964,1.0,30
7,within_long_d25,0.8952,1.0,28
7,within_long_d26,0.8945,1.0,26
7,within_long_d27,0.894,1.0,24
7,within_long_d28,0.8939,1.0,22
7,within_long_d29,0.8943,1.0,20
7,within_long_d30,0.8957,1.0,18
7,within_long_d31,0.898,1.0,16
7,within_long_d32,0.8996,1.0,14
7,within_long_d33,0.8985,1.0,12
7,within_long_d34,0.8955,1.0,10
7,within_long_d35,0.8877,1.0,8
7,within_long_d36,0.8737,1.0,6
7,within_long_d37,0.8621,1.0,4
7,within_long_d38,0.8499,1.0,2
8,within_long,0.9062,1.0,281200
8,within_short,0.8919,1.0,11200
8,cut,-0.6019,0.0,60800
8,cut,-0.6019,0.0,60800
8,within_long_d1,0.9906,1.0,74
8,within_long_d2,0.9766,1.0,72
8,within_long_d3,0.9636,1.0,70
8,within_long_d4,0.9501,1.0,68
8,within_long_d5,0.9363,1.0,66
8,within_long_d6,0.9226,1.0,64
8,within_long_d7,0.9112,1.0,62
8,within_long_d8,0.904,1.0,60
8,within_long_d9,0.8989,1.0,58
8,within_long_d10,0.8948,1.0,56
8,within_long_d11,0.892,1.0,54
8,within_long_d12,0.8912,1.0,52
8,within_long_d13,0.8917,1.0,50
8,within_long_d14,0.8918,1.0,48
8,within_long_d15,0.8898,1.0,46
8,within_long_d16,0.8867,1.0,44
8,within_long_d17,0.8845,1.0,42
8,within_long_d18,0.8825,1.0,40
8,within_long_d19,0.8803,1.0,38
8,within_long_d20,0.8778,1.0,36
8,within_long_d21,0.8751,1.0,34
8,within_long_d22,0.8724,1.0,32
8,within_long_d23,0.8699,1.0,30
8,within_long_d24,0.8679,1.0,28
8,within_long_d25,0.8663,1.0,26
8,within_long_d26,0.865,1.0,24
8,within_long_d27,0.8642,1.0,22
8,within_long_d28,0.8643,1.0,20
8,within_long_d29,0.8658,1.0,18
8,within_long_d30,0.8685,1.0,16
8,within_long_d31,0.8704,1.0,14
8,within_long_d32,0.8692,1.0,12
8,within_long_d33,0.8657,1.0,10
8,within_long_d34,0.8561,1.0,8
8,within_long_d35,0.8394,1.0,6
8,within_long_d36,0.825,1.0,4
8,within_long_d37,0.81,1.0,2
9,within_long,0.8695,1.0,266400
9,within_short,0.9071,1.0,14400
9,cut,-0.5462,0.0,66600
9,cut,-0.5462,0.0,66600
9,within_long_d1,0.9862,1.0,72
9,within_long_d2,0.966,1.0,70
9,within_long_d3,0.9475,1.0,68
9,within_long_d4,0.9288,1.0,66
9,within_long_d5,0.91,1.0,64
9,within_long_d6,0.8917,1.0,62
9,within_long_d7,0.8766,1.0,60
9,within_long_d8,0.8675,1.0,58
9,within_long_d9,0.8612,1.0,56
9,within_long_d10,0.8561,1.0,54
9,within_long_d11,0.8527,1.0,52
9,within_long_d12,0.852,1.0,50
9,within_long_d13,0.8527,1.0,48
9,within_long_d14,0.8529,1.0,46
9,within_long_d15,0.85,1.0,44
9,within_long_d16,0.8455,1.0,42
9,within_long_d17,0.842,1.0,40
9,within_long_d18,0.8386,1.0,38
9,within_long_d19,0.8346,1.0,36
9,within_long_d20,0.8303,1.0,34
9,within_long_d21,0.8255,1.0,32
9,within_long_d22,0.8206,1.0,30
9,within_long_d23,0.8158,1.0,28
9,within_long_d24,0.8113,1.0,26
9,within_long_d25,0.807,1.0,24
9,within_long_d26,0.8035,1.0,22
9,within_long_d27,0.8013,1.0,20
9,within_long_d28,0.8013,1.0,18
9,within_long_d29,0.8024,1.0,16
9,within_long_d30,0.8022,1.0,14
9,within_long_d31,0.7979,1.0,12
9,within_long_d32,0.7912,1.0,10
9,within_long_d33,0.7779,1.0,8
9,within_long_d34,0.7559,1.0,6
9,within_long_d35,0.7342,1.0,4
9,within_long_d36,0.7119,1.0,2
10,within_long,0.8325,1.0,252000
10,within_short,0.9104,1.0,18000
10,cut,-0.4376,0.0,72000
10,cut,-0.4376,0.0,72000
10,within_long_d1,0.9809,1.0,70
10,within_long_d2,0.9534,1.0,68
10,within_long_d3,0.929,1.0,66
10,within_long_d4,0.9055,1.0,64
10,within_long_d5,0.8823,1.0,62
10,within_long_d6,0.8596,1.0,60
10,within_long_d7,0.8413,1.0,58
10,within_long_d8,0.8307,1.0,56
10,within_long_d9,0.8238,1.0,54
10,within_long_d10,0.8185,1.0,52
10,within_long_d11,0.8149,1.0,50
10,within_long_d12,0.8141,1.0,48
10,within_long_d13,0.8151,1.0,46
10,within_long_d14,0.8155,1.0,44
10,within_long_d15,0.8117,1.0,42
10,within_long_d16,0.8055,1.0,40
10,within_long_d17,0.8005,1.0,38
10,within_long_d18,0.7956,1.0,36
10,within_long_d19,0.7899,1.0,34
10,within_long_d20,0.7834,1.0,32
10,within_long_d21,0.7761,1.0,30
10,within_long_d22,0.7683,1.0,28
10,within_long_d23,0.7597,1.0,26
10,within_long_d24,0.7507,1.0,24
10,within_long_d25,0.7425,1.0,22
10,within_long_d26,0.7365,1.0,20
10,within_long_d27,0.7331,1.0,18
10,within_long_d28,0.7301,1.0,16
10,within_long_d29,0.7234,1.0,14
10,within_long_d30,0.7105,1.0,12
10,within_long_d31,0.6957,1.0,10
10,within_long_d32,0.6752,1.0,8
10,within_long_d33,0.6482,1.0,6
10,within_long_d34,0.6158,1.0,4
10,within_long_d35,0.5832,1.0,2
11,within_long,0.8082,1.0,238000
11,within_short,0.8712,1.0,22000
11,cut,-0.2186,0.0,77000
11,cut,-0.2186,0.0,77000
11,within_long_d1,0.9765,1.0,68
11,within_long_d2,0.9434,1.0,66
11,within_long_d3,0.9152,1.0,64
11,within_long_d4,0.889,1.0,62
11,within_long_d5,0.8635,1.0,60
11,within_long_d6,0.8386,1.0,58
11,within_long_d7,0.8185,1.0,56
11,within_long_d8,0.8072,1.0,54
11,within_long_d9,0.7999,1.0,52
11,within_long_d10,0.7942,1.0,50
11,within_long_d11,0.7904,1.0,48
11,within_long_d12,0.7901,1.0,46
11,within_long_d13,0.7917,1.0,44
11,within_long_d14,0.7925,1.0,42
11,within_long_d15,0.7881,1.0,40
11,within_long_d16,0.7805,1.0,38
11,within_long_d17,0.7741,1.0,36
11,within_long_d18,0.7678,1.0,34
11,within_long_d19,0.7601,1.0,32
11,within_long_d20,0.7512,1.0,30
11,within_long_d21,0.7411,1.0,28
11,within_long_d22,0.7297,1.0,26
11,within_long_d23,0.7175,1.0,24
11,within_long_d24,0.7056,1.0,22
11,within_long_d25,0.6958,1.0,20
11,within_long_d26,0.688,1.0,18
11,within_long_d27,0.6794,1.0,16
11,within_long_d28,0.6647,1.0,14
11,within_long_d29,0.6423,1.0,12
11,within_long_d30,0.617,1.0,10
11,within_long_d31,0.5859,1.0,8
11,within_long_d32,0.5533,1.0,6
11,within_long_d33,0.5084,1.0,4
11,within_long_d34,0.4622,1.0,2
12,within_long,0.8017,1.0,224400
12,within_short,0.7806,1.0,26400
12,cut,0.1085,0.5452,81600
12,cut,0.1085,0.5452,81600
12,within_long_d1,0.9753,1.0,66
12,within_long_d2,0.9406,1.0,64
12,within_long_d3,0.9112,1.0,62
12,within_long_d4,0.8842,1.0,60
12,within_long_d5,0.8578,1.0,58
12,within_long_d6,0.8319,1.0,56
12,within_long_d7,0.8108,1.0,54
12,within_long_d8,0.7988,1.0,52
12,within_long_d9,0.791,1.0,50
12,within_long_d10,0.7851,1.0,48
12,within_long_d11,0.7811,1.0,46
12,within_long_d12,0.7807,1.0,44
12,within_long_d13,0.7824,1.0,42
12,within_long_d14,0.7831,1.0,40
12,within_long_d15,0.7781,1.0,38
12,within_long_d16,0.7696,1.0,36
12,within_long_d17,0.7623,1.0,34
12,within_long_d18,0.7548,1.0,32
12,within_long_d19,0.7458,1.0,30
12,within_long_d20,0.7356,1.0,28
12,within_long_d21,0.7243,1.0,26
12,within_long_d22,0.7121,1.0,24
12,within_long_d23,0.7004,1.0,22
12,within_long_d24,0.691,1.0,20
12,within_long_d25,0.6837,1.0,18
12,within_long_d26,0.6753,1.0,16
12,within_long_d27,0.6597,1.0,14
12,within_long_d28,0.6349,1.0,12
12,within_long_d29,0.6054,1.0,10
12,within_long_d30,0.5687,1.0,8
12,within_long_d31,0.5306,1.0,6
12,within_long_d32,0.4811,1.0,4
12,within_long_d33,0.4293,1.0,2
13,within_long,0.8001,1.0,211200
13,within_short,0.7419,1.0,31200
13,cut,0.3907,0.9856,85800
13,cut,0.3907,0.9856,85800
13,within_long_d1,0.9748,1.0,64
13,within_long_d2,0.9394,1.0,62
13,within_long_d3,0.9097,1.0,60
13,within_long_d4,0.8825,1.0,58
13,within_long_d5,0.8558,1.0,56
13,within_long_d6,0.8296,1.0,54
13,within_long_d7,0.8082,1.0,52
13,within_long_d8,0.7961,1.0,50
13,within_long_d9,0.7881,1.0,48
13,within_long_d10,0.782,1.0,46
13,within_long_d11,0.7778,1.0,44
13,within_long_d12,0.7772,1.0,42
13,within_long_d13,0.7786,1.0,40
13,within_long_d14,0.7789,1.0,38
13,within_long_d15,0.7733,1.0,36
13,within_long_d16,0.7635,1.0,34
13,within_long_d17,0.7547,1.0,32
13,within_long_d18,0.7458,1.0,30
13,within_long_d19,0.7355,1.0,28
13,within_long_d20,0.7241,1.0,26
13,within_long_d21,0.7119,1.0,24
13,within_long_d22,0.7002,1.0,22
13,within_long_d23,0.6909,1.0,20
13,within_long_d24,0.6837,1.0,18
13,within_long_d25,0.675,1.0,16
13,within_long_d26,0.6592,1.0,14
13,within_long_d27,0.6343,1.0,12
13,within_long_d28,0.605,1.0,10
13,within_long_d29,0.5688,1.0,8
13,within_long_d30,0.5308,1.0,6
13,within_long_d31,0.4813,1.0,4
13,within_long_d32,0.4302,1.0,2
14,within_long,0.7983,1.0,198400
14,within_short,0.7592,1.0,36400
14,cut,0.564,1.0,89600
14,cut,0.564,1.0,89600
14,within_long_d1,0.9743,1.0,62
14,within_long_d2,0.9384,1.0,60
14,within_long_d3,0.9083,1.0,58
14,within_long_d4,0.8804,1.0,56
14,within_long_d5,0.853,1.0,54
14,within_long_d6,0.8263,1.0,52
14,within_long_d7,0.8045,1.0,50
14,within_long_d8,0.792,1.0,48
14,within_long_d9,0.7838,1.0,46
14,within_long_d10,0.7775,1.0,44
14,within_long_d11,0.773,1.0,42
14,within_long_d12,0.7722,1.0,40
14,within_long_d13,0.7735,1.0,38
14,within_long_d14,0.7735,1.0,36
14,within_long_d15,0.7671,1.0,34
14,within_long_d16,0.7561,1.0,32
14,within_long_d17,0.7464,1.0,30
14,within_long_d18,0.7369,1.0,28
14,within_long_d19,0.7257,1.0,26
14,within_long_d20,0.7136,1.0,24
14,within_long_d21,0.7018,1.0,22
14,within_long_d22,0.6921,1.0,20
14,within_long_d23,0.6844,1.0,18
14,within_long_d24,0.6753,1.0,16
14,within_long_d25,0.6593,1.0,14
14,within_long_d26,0.6343,1.0,12
14,within_long_d27,0.6052,1.0,10
14,within_long_d28,0.5692,1.0,8
14,within_long_d29,0.5314,1.0,6
14,within_long_d30,0.4823,1.0,4
14,within_long_d31,0.4287,1.0,2
15,within_long,0.7956,1.0,186000
15,within_short,0.7697,1.0,42000
15,cut,0.6485,1.0,93000
15,cut,0.6485,1.0,93000
15,within_long_d1,0.9737,1.0,60
15,within_long_d2,0.937,1.0,58
15,within_long_d3,0.906,1.0,56
15,within_long_d4,0.8773,1.0,54
15,within_long_d5,0.8492,1.0,52
15,within_long_d6,0.8218,1.0,50
15,within_long_d7,0.7995,1.0,48
15,within_long_d8,0.7869,1.0,46
15,within_long_d9,0.7785,1.0,44
15,within_long_d10,0.7721,1.0,42
15,within_long_d11,0.7675,1.0,40
15,within_long_d12,0.7666,1.0,38
15,within_long_d13,0.7675,1.0,36
15,within_long_d14,0.7669,1.0,34
15,within_long_d15,0.7593,1.0,32
15,within_long_d16,0.7467,1.0,30
15,within_long_d17,0.7355,1.0,28
15,within_long_d18,0.7245,1.0,26
15,within_long_d19,0.7121,1.0,24
15,within_long_d20,0.7004,1.0,22
15,within_long_d21,0.691,1.0,20
15,within_long_d22,0.6837,1.0,18
15,within_long_d23,0.6752,1.0,16
15,within_long_d24,0.6598,1.0,14
15,within_long_d25,0.6352,1.0,12
15,within_long_d26,0.6064,1.0,10
15,within_long_d27,0.5703,1.0,8
15,within_long_d28,0.5319,1.0,6
15,within_long_d29,0.4826,1.0,4
15,within_long_d30,0.4301,1.0,2
16,within_long,0.7925,1.0,174000
16,within_short,0.7656,1.0,48000
16,cut,0.6822,1.0,96000
16,cut,0.6822,1.0,96000
16,within_long_d1,0.9731,1.0,58
16,within_long_d2,0.9355,1.0,56
16,within_long_d3,0.9039,1.0,54
16,within_long_d4,0.8745,1.0,52
16,within_long_d5,0.8456,1.0,50
16,within_long_d6,0.8173,1.0,48
16,within_long_d7,0.7943,1.0,46
16,within_long_d8,0.7812,1.0,44
16,within_long_d9,0.7724,1.0,42
16,within_long_d10,0.7655,1.0,40
16,within_long_d11,0.7605,1.0,38
16,within_long_d12,0.7592,1.0,36
16,within_long_d13,0.7595,1.0,34
16,within_long_d14,0.758,1.0,32
16,within_long_d15,0.7493,1.0,30
16,within_long_d16,0.7356,1.0,28
16,within_long_d17,0.723,1.0,26
16,within_long_d18,0.7111,1.0,24
16,within_long_d19,0.6995,1.0,22
16,within_long_d20,0.6901,1.0,20
16,within_long_d21,0.6828,1.0,18
16,within_long_d22,0.6741,1.0,16
16,within_long_d23,0.6583,1.0,14
16,within_long_d24,0.6334,1.0,12
16,within_long_d25,0.6042,1.0,10
16,within_long_d26,0.5675,1.0,8
16,within_long_d27,0.5294,1.0,6
16,within_long_d28,0.4804,1.0,4
16,within_long_d29,0.4282,1.0,2
17,within_long,0.7916,1.0,162400
17,within_short,0.7596,1.0,54400
17,cut,0.6975,1.0,98600
17,cut,0.6975,1.0,98600
17,within_long_d1,0.9725,1.0,56
17,within_long_d2,0.9341,1.0,54
17,within_long_d3,0.902,1.0,52
17,within_long_d4,0.8723,1.0,50
17,within_long_d5,0.8431,1.0,48
17,within_long_d6,0.8144,1.0,46
17,within_long_d7,0.7913,1.0,44
17,within_long_d8,0.7779,1.0,42
17,within_long_d9,0.7689,1.0,40
17,within_long_d10,0.7619,1.0,38
17,within_long_d11,0.7565,1.0,36
17,within_long_d12,0.7544,1.0,34
17,within_long_d13,0.7536,1.0,32
17,within_long_d14,0.7511,1.0,30
17,within_long_d15,0.7414,1.0,28
17,within_long_d16,0.7264,1.0,26
17,within_long_d17,0.7129,1.0,24
17,within_long_d18,0.7016,1.0,22
17,within_long_d19,0.6921,1.0,20
17,within_long_d20,0.6849,1.0,18
17,within_long_d21,0.6764,1.0,16
17,within_long_d22,0.6609,1.0,14
17,within_long_d23,0.6359,1.0,12
17,within_long_d24,0.6065,1.0,10
17,within_long_d25,0.5699,1.0,8
17,within_long_d26,0.5315,1.0,6
17,within_long_d27,0.4818,1.0,4
17,within_long_d28,0.4291,1.0,2
18,within_long,0.7878,1.0,151200
18,within_short,0.7538,1.0,61200
18,cut,0.7042,1.0,100800
18,cut,0.7042,1.0,100800
18,within_long_d1,0.9717,1.0,54
18,within_long_d2,0.9322,1.0,52
18,within_long_d3,0.8991,1.0,50
18,within_long_d4,0.8684,1.0,48
18,within_long_d5,0.8381,1.0,46
18,within_long_d6,0.8087,1.0,44
18,within_long_d7,0.7851,1.0,42
18,within_long_d8,0.7716,1.0,40
18,within_long_d9,0.7625,1.0,38
18,within_long_d10,0.7548,1.0,36
18,within_long_d11,0.7482,1.0,34
18,within_long_d12,0.7449,1.0,32
18,within_long_d13,0.7432,1.0,30
18,within_long_d14,0.7399,1.0,28
18,within_long_d15,0.7289,1.0,26
18,within_long_d16,0.7123,1.0,24
18,within_long_d17,0.6992,1.0,22
18,within_long_d18,0.6902,1.0,20
18,within_long_d19,0.6827,1.0,18
18,within_long_d20,0.6739,1.0,16
18,within_long_d21,0.658,1.0,14
18,within_long_d22,0.6328,1.0,12
18,within_long_d23,0.6031,1.0,10
18,within_long_d24,0.566,1.0,8
18,within_long_d25,0.5273,1.0,6
18,within_long_d26,0.4781,1.0,4
18,within_long_d27,0.4262,1.0,2
19,within_long,0.7861,1.0,140400
19,within_short,0.7539,1.0,68400
19,cut,0.7094,1.0,102600
19,cut,0.7094,1.0,102600
19,within_long_d1,0.971,1.0,52
19,within_long_d2,0.9308,1.0,50
19,within_long_d3,0.8971,1.0,48
19,within_long_d4,0.8659,1.0,46
19,within_long_d5,0.835,1.0,44
19,within_long_d6,0.8049,1.0,42
19,within_long_d7,0.7806,1.0,40
19,within_long_d8,0.7666,1.0,38
19,within_long_d9,0.7567,1.0,36
19,within_long_d10,0.748,1.0,34
19,within_long_d11,0.7403,1.0,32
19,within_long_d12,0.7362,1.0,30
19,within_long_d13,0.7339,1.0,28
19,within_long_d14,0.7301,1.0,26
19,within_long_d15,0.7187,1.0,24
19,within_long_d16,0.7023,1.0,22
19,within_long_d17,0.691,1.0,20
19,within_long_d18,0.6842,1.0,18
19,within_long_d19,0.6751,1.0,16
19,within_long_d20,0.6593,1.0,14
19,within_long_d21,0.6341,1.0,12
19,within_long_d22,0.6046,1.0,10
19,within_long_d23,0.5686,1.0,8
19,within_long_d24,0.5311,1.0,6
19,within_long_d25,0.4823,1.0,4
19,within_long_d26,0.4311,1.0,2
20,within_long,0.7828,1.0,130000
20,within_short,0.7576,1.0,76000
20,cut,0.7135,1.0,104000
20,cut,0.7135,1.0,104000
20,within_long_d1,0.9702,1.0,50
20,within_long_d2,0.9286,1.0,48
20,within_long_d3,0.8936,1.0,46
20,within_long_d4,0.8612,1.0,44
20,within_long_d5,0.8294,1.0,42
20,within_long_d6,0.7987,1.0,40
20,within_long_d7,0.7738,1.0,38
20,within_long_d8,0.7591,1.0,36
20,within_long_d9,0.7482,1.0,34
20,within_long_d10,0.7386,1.0,32
20,within_long_d11,0.7299,1.0,30
20,within_long_d12,0.7251,1.0,28
20,within_long_d13,0.722,1.0,26
20,within_long_d14,0.718,1.0,24
20,within_long_d15,0.7074,1.0,22
20,within_long_d16,0.6927,1.0,20
20,within_long_d17,0.6833,1.0,18
20,within_long_d18,0.6755,1.0,16
20,within_long_d19,0.6597,1.0,14
20,within_long_d20,0.6348,1.0,12
20,within_long_d21,0.6056,1.0,10
20,within_long_d22,0.5693,1.0,8
20,within_long_d23,0.5309,1.0,6
20,within_long_d24,0.4816,1.0,4
20,within_long_d25,0.4289,1.0,2
21,within_long,0.7786,1.0,120000
21,within_short,0.7629,1.0,84000
21,cut,0.7159,1.0,105000
21,cut,0.7159,1.0,105000
21,within_long_d1,0.9693,1.0,48
21,within_long_d2,0.9263,1.0,46
21,within_long_d3,0.8902,1.0,44
21,within_long_d4,0.857,1.0,42
21,within_long_d5,0.8242,1.0,40
21,within_long_d6,0.7921,1.0,38
21,within_long_d7,0.7659,1.0,36
21,within_long_d8,0.7502,1.0,34
21,within_long_d9,0.7381,1.0,32
21,within_long_d10,0.7273,1.0,30
21,within_long_d11,0.7175,1.0,28
21,within_long_d12,0.7116,1.0,26
21,within_long_d13,0.7084,1.0,24
21,within_long_d14,0.7052,1.0,22
21,within_long_d15,0.696,1.0,20
21,within_long_d16,0.6827,1.0,18
21,within_long_d17,0.6716,1.0,16
21,within_long_d18,0.6567,1.0,14
21,within_long_d19,0.6308,1.0,12
21,within_long_d20,0.601,1.0,10
21,within_long_d21,0.5639,1.0,8
21,within_long_d22,0.5253,1.0,6
21,within_long_d23,0.4761,1.0,4
21,within_long_d24,0.4245,1.0,2
22,within_long,0.777,1.0,110400
22,within_short,0.769,1.0,92400
22,cut,0.7187,1.0,105600
22,cut,0.7187,1.0,105600
22,within_long_d1,0.9686,1.0,46
22,within_long_d2,0.9248,1.0,44
22,within_long_d3,0.8883,1.0,42
22,within_long_d4,0.8541,1.0,40
22,within_long_d5,0.8203,1.0,38
22,within_long_d6,0.7871,1.0,36
22,within_long_d7,0.7596,1.0,34
22,within_long_d8,0.7424,1.0,32
22,within_long_d9,0.7292,1.0,30
22,within_long_d10,0.7174,1.0,28
22,within_long_d11,0.7064,1.0,26
22,within_long_d12,0.7001,1.0,24
22,within_long_d13,0.6979,1.0,22
22,within_long_d14,0.6973,1.0,20
22,within_long_d15,0.6909,1.0,18
22,within_long_d16,0.6766,1.0,16
22,within_long_d17,0.6586,1.0,14
22,within_long_d18,0.6357,1.0,12
22,within_long_d19,0.6059,1.0,10
22,within_long_d20,0.5689,1.0,8
22,within_long_d21,0.5298,1.0,6
22,within_long_d22,0.4804,1.0,4
22,within_long_d23,0.428,1.0,2
23,within_long,0.7728,1.0,101200
23,within_short,0.7724,1.0,101200
23,cut,0.7186,1.0,105800
23,cut,0.7186,1.0,105800
23,within_long_d1,0.9675,1.0,44
23,within_long_d2,0.9223,1.0,42
23,within_long_d3,0.8846,1.0,40
23,within_long_d4,0.8492,1.0,38
23,within_long_d5,0.814,1.0,36
23,within_long_d6,0.779,1.0,34
23,within_long_d7,0.7497,1.0,32
23,within_long_d8,0.7312,1.0,30
23,within_long_d9,0.7168,1.0,28
23,within_long_d10,0.7035,1.0,26
23,within_long_d11,0.6913,1.0,24
23,within_long_d12,0.6856,1.0,22
23,within_long_d13,0.6855,1.0,20
23,within_long_d14,0.6873,1.0,18
23,within_long_d15,0.6805,1.0,16
23,within_long_d16,0.6597,1.0,14
23,within_long_d17,0.6318,1.0,12
23,within_long_d18,0.605,1.0,10
23,within_long_d19,0.5682,1.0,8
23,within_long_d20,0.5294,1.0,6
23,within_long_d21,0.4809,1.0,4
23,within_long_d22,0.429,1.0,2
