s1,s2,s3,n_graphs,exact,reach_1,reach_2,reach_3,cut_12,cut_13,cut_23,pred_positive_rate
1,1,44,200,0.01,,,1.0,0.01,1.0,1.0,0.9168
1,2,43,200,0.0,,1.0,1.0,1.0,1.0,0.0,0.9575
1,3,42,200,0.0,,0.3333,1.0,0.98,1.0,0.3338,0.9159
1,4,41,200,1.0,,1.0,1.0,1.0,1.0,1.0,0.8025
1,5,40,200,0.0,,1.0,1.0,1.0,1.0,0.1546,0.9282
1,6,39,200,0.055,,1.0,1.0,1.0,1.0,0.6877,0.8054
1,7,38,200,0.035,,1.0,1.0,1.0,1.0,0.4928,0.8336
1,8,37,200,0.335,,1.0,1.0,1.0,1.0,0.8861,0.7096
1,9,36,200,0.245,,1.0,1.0,1.0,1.0,0.7038,0.7419
1,10,35,200,0.04,,1.0,1.0,1.0,1.0,0.2264,0.8826
1,11,34,200,0.0,,1.0,1.0,1.0,1.0,0.0641,0.9348
1,12,33,200,0.0,,1.0,1.0,1.0,1.0,0.0,0.9575
1,13,32,200,0.0,,1.0,1.0,1.0,1.0,0.0,0.9575
1,14,31,200,0.0,,1.0,1.0,1.0,1.0,0.0,0.9575
1,15,30,200,0.0,,1.0,1.0,1.0,1.0,0.0,0.9575
1,16,29,200,0.0,,1.0,1.0,1.0,1.0,0.0,0.9575
1,17,28,200,0.0,,1.0,1.0,1.0,1.0,0.0,0.9575
1,18,27,200,0.0,,1.0,1.0,1.0,1.0,0.0,0.9575
1,19,26,200,0.0,,1.0,1.0,1.0,1.0,0.0,0.9575
1,20,25,200,0.0,,1.0,1.0,1.0,1.0,0.0,0.9575
1,21,24,200,0.0,,1.0,1.0,1.0,1.0,0.0,0.9575
1,22,23,200,0.0,,1.0,1.0,1.0,1.0,0.0,0.9575
2,2,42,200,0.0,1.0,1.0,0.5118,1.0,1.0,1.0,0.4401
2,3,41,200,0.445,1.0,0.7817,1.0,1.0,0.9634,1.0,0.8028
2,4,40,200,0.0,1.0,0.985,1.0,1.0,0.0,1.0,0.8411
2,5,39,200,0.0,1.0,1.0,0.8705,1.0,0.8367,1.0,0.6539
2,6,38,200,0.015,1.0,0.868,1.0,1.0,0.1212,1.0,0.7626
2,7,37,200,0.0,1.0,0.5688,1.0,1.0,0.0873,1.0,0.7273
2,8,36,200,0.0,1.0,0.5509,1.0,1.0,0.0,1.0,0.7008
2,9,35,200,0.0,1.0,0.5413,1.0,1.0,0.0,1.0,0.6696
2,10,34,200,0.0,1.0,0.5546,1.0,1.0,0.0059,1.0,0.6404
2,11,33,200,0.0,1.0,0.688,0.9135,1.0,0.5947,1.0,0.5396
2,12,32,200,0.0,1.0,0.6625,0.0178,1.0,1.0,1.0,0.0724
2,13,31,200,0.0,1.0,0.7408,0.0187,1.0,1.0,1.0,0.0855
2,14,30,200,0.0,1.0,0.7726,0.0201,1.0,1.0,1.0,0.0974
2,15,29,200,0.0,1.0,0.6378,0.0241,1.0,1.0,1.0,0.0952
2,16,28,200,0.0,1.0,0.5244,0.0261,1.0,1.0,1.0,0.0915
2,17,27,200,0.0,1.0,0.4143,0.0319,1.0,1.0,1.0,0.0865
2,18,26,200,0.0,1.0,0.3072,0.038,1.0,1.0,1.0,0.0788
2,19,25,200,0.0,1.0,0.2315,0.0467,1.0,1.0,1.0,0.0733
2,20,24,200,0.0,1.0,0.1774,0.0609,1.0,1.0,1.0,0.0704
2,21,23,200,0.0,1.0,0.1374,0.081,1.0,1.0,1.0,0.0693
2,22,22,200,0.0,1.0,0.1054,0.1055,1.0,1.0,1.0,0.0687
3,3,40,200,0.0,0.3333,0.3333,1.0,0.8978,1.0,1.0,0.7617
3,4,39,200,0.0,0.3467,0.8925,1.0,1.0,0.539,1.0,0.7791
3,5,38,200,0.115,0.4433,1.0,1.0,1.0,1.0,0.9914,0.6985
3,6,37,200,0.0,0.3333,0.9837,1.0,1.0,0.9763,0.9987,0.6689
3,7,36,200,0.04,0.375,0.9826,1.0,1.0,0.999,0.9935,0.6394
3,8,35,200,0.0,0.35,0.9982,1.0,1.0,0.8049,0.9999,0.6309
3,9,34,200,0.015,0.365,1.0,1.0,1.0,0.8408,0.9988,0.6028
3,10,33,200,0.0,0.3333,0.9993,1.0,1.0,0.9763,0.9436,0.5841
3,11,32,200,0.005,0.385,0.9965,1.0,1.0,0.9964,0.641,0.6632
3,12,31,200,0.0,1.0,0.9981,0.9945,1.0,1.0,0.0447,0.8598
3,13,30,200,0.0,0.9983,0.9998,0.9914,1.0,1.0,0.0252,0.8652
3,14,29,200,0.0,1.0,1.0,0.9943,1.0,1.0,0.0081,0.8728
3,15,28,200,0.0,1.0,1.0,0.9959,1.0,1.0,0.0083,0.8733
3,16,27,200,0.0,1.0,1.0,0.9931,1.0,1.0,0.0143,0.8699
3,17,26,200,0.0,1.0,1.0,0.9964,1.0,1.0,0.0097,0.8729
3,18,25,200,0.0,1.0,1.0,0.9957,1.0,1.0,0.0169,0.8697
3,19,24,200,0.0,1.0,1.0,0.9961,1.0,1.0,0.0169,0.8698
3,20,23,200,0.0,1.0,0.9993,0.9959,1.0,1.0,0.0188,0.8688
3,21,22,200,0.0,1.0,0.998,0.9975,1.0,1.0,0.0166,0.8699
4,4,38,200,0.0,1.0,1.0,1.0,1.0,0.2255,0.2109,0.9222
4,5,37,200,0.0,0.9683,1.0,1.0,1.0,1.0,0.0,0.841
4,6,36,200,0.0,1.0,1.0,1.0,1.0,0.577,0.0085,0.897
4,7,35,200,0.0,1.0,1.0,1.0,1.0,0.7801,0.0031,0.8696
4,8,34,200,0.0,1.0,1.0,1.0,1.0,0.1763,0.0006,0.9469
4,9,33,200,0.0,1.0,1.0,1.0,1.0,0.2872,0.0001,0.9301
4,10,32,200,0.0,1.0,1.0,1.0,1.0,0.8811,0.0,0.8556
4,11,31,200,0.0,1.0,1.0,1.0,1.0,1.0,0.0,0.8412
4,12,30,200,0.0,1.0,1.0,1.0,1.0,1.0,0.0,0.8412
4,13,29,200,0.0,1.0,1.0,1.0,1.0,1.0,0.0,0.8412
4,14,28,200,0.0,1.0,1.0,1.0,1.0,1.0,0.0,0.8412
4,15,27,200,0.0,1.0,1.0,1.0,1.0,1.0,0.0,0.8412
4,16,26,200,0.0,1.0,1.0,1.0,1.0,1.0,0.0,0.8412
4,17,25,200,0.0,1.0,1.0,1.0,1.0,1.0,0.0,0.8412
4,18,24,200,0.0,1.0,1.0,1.0,1.0,1.0,0.0,0.8412
4,19,23,200,0.0,1.0,1.0,1.0,1.0,1.0,0.0,0.8412
4,20,22,200,0.0,1.0,1.0,1.0,1.0,1.0,0.0,0.8412
4,21,21,200,0.0,1.0,1.0,1.0,1.0,1.0,0.0,0.8412
5,5,36,200,0.195,1.0,1.0,0.9995,0.8882,0.8319,0.8268,0.6966
5,6,35,200,0.0,1.0,0.9837,1.0,0.9998,0.0053,0.9971,0.7726
5,7,34,200,0.0,1.0,0.8886,1.0,1.0,0.0514,0.9935,0.733
5,8,33,200,0.0,1.0,0.9077,1.0,1.0,0.0,1.0,0.7102
5,9,32,200,0.0,1.0,0.8754,1.0,1.0,0.0,1.0,0.681
5,10,31,200,0.0,1.0,0.88,1.0,1.0,0.0007,1.0,0.6545
5,11,30,200,0.035,1.0,0.8786,0.9682,1.0,0.5373,1.0,0.5405
5,12,29,200,0.0,1.0,0.9173,0.0781,1.0,1.0,1.0,0.1184
5,13,28,200,0.0,1.0,0.9267,0.0834,1.0,1.0,1.0,0.1293
5,14,27,200,0.0,1.0,0.9199,0.0925,1.0,1.0,1.0,0.141
5,15,26,200,0.0,1.0,0.7893,0.1001,1.0,1.0,1.0,0.1403
5,16,25,200,0.0,1.0,0.6686,0.129,1.0,1.0,1.0,0.1436
5,17,24,200,0.0,1.0,0.5623,0.1566,1.0,1.0,0.9989,0.1448
5,18,23,200,0.0,1.0,0.4675,0.1813,1.0,1.0,0.9998,0.1422
5,19,22,200,0.0,1.0,0.3678,0.1976,1.0,1.0,1.0,0.1338
5,20,21,200,0.0,1.0,0.3104,0.25,1.0,1.0,0.9995,0.1368
6,6,34,200,0.0,1.0,1.0,1.0,0.9958,0.2702,0.2518,0.8655
6,7,33,200,0.0,1.0,0.9995,1.0,1.0,0.4631,0.3521,0.7967
6,8,32,200,0.0,1.0,1.0,1.0,1.0,0.0001,0.5487,0.8218
6,9,31,200,0.0,1.0,1.0,1.0,1.0,0.0,0.709,0.762
6,10,30,200,0.0,1.0,1.0,1.0,1.0,0.0336,0.7379,0.7283
6,11,29,200,0.05,1.0,0.9993,0.9987,1.0,0.898,0.73,0.5693
6,12,28,200,0.0,0.9977,1.0,0.7366,1.0,1.0,0.5418,0.507
6,13,27,200,0.0,0.9983,0.9999,0.7537,1.0,1.0,0.5558,0.507
6,14,26,200,0.0,0.9993,0.9999,0.7778,1.0,1.0,0.5886,0.5024
6,15,25,200,0.0,0.998,0.9998,0.8128,1.0,1.0,0.5819,0.5138
6,16,24,200,0.0,0.9973,0.9943,0.8214,1.0,1.0,0.6187,0.5013
6,17,23,200,0.0,0.9957,0.992,0.8583,1.0,1.0,0.6268,0.5066
6,18,22,200,0.0,0.9977,0.9839,0.8859,1.0,1.0,0.6352,0.5081
6,19,21,200,0.0,0.9983,0.9735,0.9094,1.0,1.0,0.6648,0.5002
6,20,20,200,0.0,0.996,0.9536,0.953,1.0,1.0,0.6731,0.5018
7,7,32,200,0.0,0.9974,0.9964,0.9998,1.0,0.5177,0.5479,0.7278
7,8,31,200,0.0,1.0,0.9962,1.0,1.0,0.0004,0.767,0.7671
7,9,30,200,0.0,1.0,0.9985,1.0,1.0,0.0002,0.9221,0.705
7,10,29,200,0.0,1.0,0.9997,1.0,1.0,0.0446,0.9114,0.6755
7,11,28,200,0.175,1.0,0.9938,0.9975,1.0,0.8987,0.8541,0.5109
7,12,27,200,0.0,0.8936,0.9972,0.6483,1.0,1.0,0.6733,0.4168
7,13,26,200,0.0,0.9031,0.9992,0.6803,1.0,1.0,0.6819,0.4239
7,14,25,200,0.0,0.8981,0.9996,0.6994,1.0,1.0,0.7153,0.418
7,15,24,200,0.0,0.8971,0.9946,0.7377,1.0,1.0,0.6996,0.4329
7,16,23,200,0.0,0.8902,0.9775,0.7468,1.0,1.0,0.737,0.4204
7,17,22,200,0.0,0.8924,0.9688,0.7982,1.0,1.0,0.7334,0.4325
7,18,21,200,0.0,0.9,0.9439,0.8275,1.0,1.0,0.7541,0.4282
7,19,20,200,0.0,0.9026,0.937,0.9004,1.0,1.0,0.7399,0.4462
8,8,30,200,0.0,1.0,1.0,1.0,1.0,0.0092,0.0093,0.9353
8,9,29,200,0.0,1.0,1.0,1.0,1.0,0.0003,0.0302,0.9244
8,10,28,200,0.0,1.0,1.0,1.0,1.0,0.3493,0.0373,0.8406
8,11,27,200,0.0,1.0,1.0,1.0,1.0,0.9677,0.0543,0.704
8,12,26,200,0.0,0.8655,1.0,0.9962,1.0,1.0,0.0001,0.7079
8,13,25,200,0.0,0.8786,1.0,0.9972,1.0,1.0,0.0002,0.7086
8,14,24,200,0.0,0.8716,1.0,0.997,1.0,1.0,0.0018,0.7079
8,15,23,200,0.0,0.8771,1.0,0.9981,1.0,1.0,0.008,0.7063
8,16,22,200,0.0,0.8666,1.0,0.9989,1.0,1.0,0.0074,0.7064
8,17,21,200,0.0,0.8684,1.0,0.9991,1.0,1.0,0.011,0.7053
8,18,20,200,0.0,0.875,1.0,0.9995,1.0,1.0,0.0177,0.7032
8,19,19,200,0.0,0.8888,1.0,1.0,1.0,1.0,0.0105,0.7061
9,9,28,200,0.0,1.0,1.0,1.0,1.0,0.0116,0.0166,0.9167
9,10,27,200,0.0,1.0,1.0,1.0,1.0,0.5084,0.0191,0.7933
9,11,26,200,0.0,1.0,1.0,1.0,1.0,0.9776,0.0278,0.6827
9,12,25,200,0.0,0.6981,1.0,0.9994,1.0,1.0,0.0,0.6748
9,13,24,200,0.0,0.6917,1.0,0.9995,1.0,1.0,0.0007,0.6744
9,14,23,200,0.0,0.7029,1.0,0.9994,1.0,1.0,0.0013,0.6746
9,15,22,200,0.0,0.6854,1.0,0.9999,1.0,1.0,0.0001,0.6745
9,16,21,200,0.0,0.6893,1.0,1.0,1.0,1.0,0.0012,0.6743
9,17,20,200,0.0,0.6881,1.0,0.9999,1.0,1.0,0.0017,0.6741
9,18,19,200,0.0,0.6929,1.0,1.0,1.0,1.0,0.0014,0.6744
10,10,26,200,0.0,1.0,1.0,1.0,1.0,0.4421,0.3932,0.7002
10,11,25,200,0.01,1.0,1.0,1.0,1.0,0.9551,0.2302,0.6105
10,12,24,200,0.0,0.6804,1.0,0.9875,1.0,1.0,0.014,0.6391
10,13,23,200,0.0,0.6918,1.0,0.9908,1.0,1.0,0.0059,0.6428
10,14,22,200,0.0,0.6841,1.0,0.9933,1.0,1.0,0.0139,0.6408
10,15,21,200,0.0,0.6973,1.0,0.9965,1.0,1.0,0.0219,0.6397
10,16,20,200,0.0,0.6826,1.0,0.9988,1.0,1.0,0.032,0.6363
10,17,19,200,0.0,0.68,1.0,1.0,1.0,1.0,0.0426,0.6331
10,18,18,200,0.0,0.6867,0.9999,1.0,1.0,1.0,0.0353,0.6356
11,11,24,200,0.245,1.0,1.0,0.9985,1.0,0.8181,0.8733,0.4632
11,12,23,200,0.0,0.7553,1.0,0.8959,1.0,1.0,0.2547,0.532
11,13,22,200,0.0,0.7519,1.0,0.8799,1.0,1.0,0.3502,0.5023
11,14,21,200,0.0,0.7507,1.0,0.9122,1.0,1.0,0.3215,0.5164
11,15,20,200,0.0,0.7503,0.999,0.9408,1.0,1.0,0.3203,0.5216
11,16,19,200,0.0,0.7457,0.99,0.9545,1.0,1.0,0.3455,0.5151
11,17,18,200,0.0,0.7579,0.9857,0.9754,1.0,1.0,0.3459,0.5181
12,12,22,200,0.0,0.8123,0.8069,0.2252,1.0,1.0,1.0,0.1719
12,13,21,200,0.0,0.8061,0.8392,0.2591,1.0,1.0,1.0,0.1853
12,14,20,200,0.0,0.8038,0.7837,0.2915,1.0,1.0,1.0,0.1916
12,15,19,200,0.0,0.8105,0.6661,0.3452,1.0,1.0,1.0,0.1942
12,16,18,200,0.0,0.8114,0.5709,0.4101,1.0,1.0,1.0,0.1964
12,17,17,200,0.0,0.8072,0.4791,0.4768,1.0,1.0,1.0,0.195
13,13,20,200,0.0,0.8411,0.8288,0.2973,1.0,1.0,1.0,0.1983
13,14,19,200,0.0,0.8338,0.7737,0.3446,1.0,1.0,1.0,0.2055
13,15,18,200,0.0,0.8363,0.6651,0.4098,1.0,1.0,1.0,0.2087
13,16,17,200,0.0,0.8301,0.5691,0.4786,1.0,1.0,1.0,0.209
14,14,18,200,0.0,0.7792,0.7808,0.4097,1.0,1.0,1.0,0.2152
14,15,17,200,0.0,0.7809,0.6646,0.4803,1.0,1.0,1.0,0.2166
14,16,16,200,0.0,0.7808,0.5701,0.5672,1.0,1.0,1.0,0.2179
15,15,16,200,0.0,0.6654,0.6652,0.566,1.0,1.0,1.0,0.218
