s1,s2,s3,n_graphs,exact,reach_1,reach_2,reach_3,cut_12,cut_13,cut_23
1,1,44,200,0.0,,,1.0,0.0,1.0,1.0
1,2,43,200,0.0,,1.0,1.0,1.0,0.0,0.9505
1,3,42,200,0.0,,1.0,1.0,0.995,0.0,0.0146
1,4,41,200,0.0,,1.0,1.0,0.7188,0.005,0.0297
1,5,40,200,0.0,,1.0,1.0,1.0,0.9595,0.0
1,6,39,200,0.0,,1.0,1.0,1.0,1.0,0.0
1,7,38,200,0.0,,1.0,1.0,1.0,1.0,0.0
1,8,37,200,0.0,,1.0,1.0,1.0,0.9997,0.0
1,9,36,200,0.0,,1.0,1.0,1.0,1.0,0.0
1,10,35,200,0.0,,1.0,1.0,1.0,1.0,0.0
1,11,34,200,0.0,,1.0,1.0,1.0,1.0,0.0
1,12,33,200,0.0,,1.0,1.0,1.0,1.0,0.0
1,13,32,200,0.0,,1.0,1.0,1.0,1.0,0.0
1,14,31,200,0.0,,1.0,1.0,1.0,1.0,0.0
1,15,30,200,0.0,,1.0,1.0,1.0,1.0,0.0
1,16,29,200,0.0,,1.0,1.0,1.0,1.0,0.0
1,17,28,200,0.0,,1.0,1.0,1.0,1.0,0.0
1,18,27,200,0.0,,1.0,1.0,1.0,1.0,0.0
1,19,26,200,0.0,,1.0,1.0,1.0,1.0,0.0
1,20,25,200,0.0,,1.0,1.0,1.0,1.0,0.0
1,21,24,200,0.0,,1.0,1.0,1.0,1.0,0.0
1,22,23,200,0.0,,1.0,1.0,1.0,1.0,0.0
2,2,42,200,0.0,1.0,1.0,1.0,0.0,1.0,1.0
2,3,41,200,0.0,1.0,1.0,1.0,0.0333,1.0,0.7815
2,4,40,200,0.0,1.0,0.415,1.0,0.5138,0.9998,0.4916
2,5,39,200,0.0,1.0,1.0,1.0,0.88,0.0,0.0
2,6,38,200,0.0,1.0,1.0,1.0,1.0,1.0,0.0
2,7,37,200,0.0,1.0,1.0,1.0,1.0,0.9761,0.0
2,8,36,200,0.0,1.0,1.0,1.0,0.9962,0.9547,0.0
2,9,35,200,0.0,1.0,1.0,1.0,1.0,0.9641,0.0
2,10,34,200,0.0,1.0,1.0,1.0,1.0,0.9984,0.0
2,11,33,200,0.0,1.0,1.0,1.0,1.0,1.0,0.0
2,12,32,200,0.0,1.0,1.0,1.0,1.0,1.0,0.0
2,13,31,200,0.0,1.0,1.0,1.0,1.0,1.0,0.0
2,14,30,200,0.0,1.0,1.0,1.0,1.0,1.0,0.0
2,15,29,200,0.0,1.0,1.0,1.0,1.0,1.0,0.0
2,16,28,200,0.0,1.0,1.0,1.0,1.0,1.0,0.0
2,17,27,200,0.0,1.0,1.0,1.0,1.0,1.0,0.0
2,18,26,200,0.0,1.0,1.0,1.0,1.0,1.0,0.0
2,19,25,200,0.0,1.0,1.0,1.0,1.0,1.0,0.0
2,20,24,200,0.0,1.0,1.0,1.0,1.0,1.0,0.0
2,21,23,200,0.0,1.0,1.0,1.0,1.0,1.0,0.0
2,22,22,200,0.0,1.0,1.0,1.0,1.0,1.0,0.0
3,3,40,200,0.0,0.995,0.9933,1.0,0.0083,0.8968,0.9243
3,4,39,200,0.0,0.9883,0.3333,1.0,0.6083,0.7202,0.5
3,5,38,200,0.0,0.9633,1.0,1.0,0.3997,0.2663,0.0
3,6,37,200,0.0,1.0,1.0,1.0,1.0,0.974,0.0
3,7,36,200,0.0,1.0,1.0,1.0,0.9974,0.9347,0.0
3,8,35,200,0.0,0.9883,1.0,1.0,0.9579,0.7902,0.0
3,9,34,200,0.0,0.9933,1.0,1.0,0.9857,0.908,0.0
3,10,33,200,0.0,0.9967,1.0,1.0,0.9987,0.9726,0.0
3,11,32,200,0.0,0.9967,1.0,1.0,1.0,0.9967,0.0
3,12,31,200,0.0,1.0,1.0,1.0,1.0,1.0,0.0
3,13,30,200,0.0,1.0,1.0,1.0,1.0,1.0,0.0
3,14,29,200,0.0,1.0,1.0,1.0,1.0,1.0,0.0
3,15,28,200,0.0,1.0,1.0,1.0,1.0,1.0,0.0
3,16,27,200,0.0,1.0,1.0,1.0,1.0,1.0,0.0
3,17,26,200,0.0,1.0,1.0,1.0,1.0,1.0,0.0
3,18,25,200,0.0,1.0,1.0,1.0,1.0,1.0,0.0
3,19,24,200,0.0,1.0,1.0,1.0,1.0,1.0,0.0
3,20,23,200,0.0,1.0,1.0,1.0,1.0,1.0,0.0
3,21,22,200,0.0,1.0,1.0,1.0,1.0,1.0,0.0
4,4,38,200,0.0,0.4442,0.4225,1.0,0.4956,0.4731,0.4842
4,5,37,200,0.0,1.0,1.0,1.0,0.0005,0.0,0.0
4,6,36,200,0.0,0.9967,1.0,1.0,0.6952,0.6444,0.0
4,7,35,200,0.0,0.9933,1.0,1.0,0.542,0.5032,0.0
4,8,34,200,0.0,0.9917,1.0,1.0,0.4486,0.3815,0.0
4,9,33,200,0.0,0.9917,1.0,1.0,0.4917,0.4222,0.0
4,10,32,200,0.0,0.9975,1.0,1.0,0.5048,0.469,0.0
4,11,31,200,0.0,0.9983,1.0,1.0,0.8147,0.7217,0.0
4,12,30,200,0.0,1.0,1.0,1.0,1.0,1.0,0.0
4,13,29,200,0.0,1.0,1.0,1.0,1.0,1.0,0.0
4,14,28,200,0.0,1.0,1.0,1.0,1.0,1.0,0.0
4,15,27,200,0.0,1.0,1.0,1.0,1.0,1.0,0.0
4,16,26,200,0.0,1.0,1.0,1.0,1.0,1.0,0.0
4,17,25,200,0.0,1.0,1.0,1.0,1.0,1.0,0.0
4,18,24,200,0.0,1.0,1.0,1.0,1.0,1.0,0.0
4,19,23,200,0.0,1.0,1.0,1.0,1.0,1.0,0.0
4,20,22,200,0.0,1.0,1.0,1.0,1.0,1.0,0.0
4,21,21,200,0.0,1.0,1.0,1.0,1.0,1.0,0.0
5,5,36,200,0.0,1.0,1.0,1.0,0.0,0.0,0.0
5,6,35,200,0.0,1.0,1.0,1.0,0.0262,0.0234,0.0
5,7,34,200,0.0,1.0,1.0,1.0,0.0,0.0006,0.0
5,8,33,200,0.0,1.0,1.0,1.0,0.0,0.0,0.0
5,9,32,200,0.0,1.0,1.0,1.0,0.0,0.0,0.0
5,10,31,200,0.0,1.0,1.0,1.0,0.0,0.0,0.0
5,11,30,200,0.0,1.0,1.0,1.0,0.2685,0.0338,0.0
5,12,29,200,0.0,1.0,1.0,1.0,1.0,1.0,0.0
5,13,28,200,0.0,1.0,1.0,1.0,1.0,1.0,0.0
5,14,27,200,0.0,1.0,1.0,1.0,1.0,1.0,0.0
5,15,26,200,0.0,1.0,1.0,1.0,1.0,1.0,0.0
5,16,25,200,0.0,1.0,1.0,1.0,1.0,1.0,0.0
5,17,24,200,0.0,1.0,1.0,1.0,1.0,1.0,0.0
5,18,23,200,0.0,1.0,1.0,1.0,1.0,1.0,0.0
5,19,22,200,0.0,1.0,1.0,1.0,1.0,1.0,0.0
5,20,21,200,0.0,1.0,1.0,1.0,1.0,1.0,0.0
6,6,34,200,0.0,1.0,1.0,1.0,0.119,0.0587,0.0804
6,7,33,200,0.0,1.0,1.0,1.0,0.3845,0.0176,0.203
6,8,32,200,0.0,1.0,1.0,1.0,0.6709,0.0,0.3998
6,9,31,200,0.0,1.0,1.0,1.0,0.8196,0.0,0.419
6,10,30,200,0.0,1.0,1.0,1.0,0.9164,0.0,0.4328
6,11,29,200,0.0,1.0,1.0,1.0,0.9851,0.0028,0.3493
6,12,28,200,0.0,1.0,1.0,0.9998,0.9865,1.0,0.178
6,13,27,200,0.0,1.0,1.0,1.0,0.9918,0.9997,0.1227
6,14,26,200,0.0,1.0,1.0,1.0,0.9963,1.0,0.1002
6,15,25,200,0.0,1.0,1.0,1.0,0.9969,0.9995,0.0698
6,16,24,200,0.0,1.0,1.0,1.0,0.9965,0.9964,0.0614
6,17,23,200,0.0,1.0,1.0,1.0,0.9995,1.0,0.04
6,18,22,200,0.0,1.0,1.0,1.0,1.0,0.9998,0.0224
6,19,21,200,0.0,1.0,1.0,1.0,1.0,0.9998,0.0144
6,20,20,200,0.0,1.0,1.0,1.0,0.9995,0.9995,0.0161
7,7,32,200,0.0,1.0,1.0,1.0,0.2117,0.0214,0.026
7,8,31,200,0.0,1.0,1.0,1.0,0.2662,0.0,0.0942
7,9,30,200,0.0,1.0,1.0,1.0,0.4321,0.0,0.0739
7,10,29,200,0.0,1.0,1.0,1.0,0.6213,0.0,0.0888
7,11,28,200,0.0,1.0,1.0,1.0,0.9426,0.0394,0.0495
7,12,27,200,0.0,1.0,1.0,1.0,0.9978,1.0,0.0151
7,13,26,200,0.0,1.0,1.0,1.0,1.0,1.0,0.0009
7,14,25,200,0.0,1.0,1.0,1.0,0.9999,1.0,0.0032
7,15,24,200,0.0,1.0,1.0,1.0,1.0,1.0,0.0019
7,16,23,200,0.0,1.0,1.0,1.0,1.0,1.0,0.0025
7,17,22,200,0.0,1.0,1.0,1.0,1.0,1.0,0.0012
7,18,21,200,0.0,1.0,1.0,1.0,1.0,1.0,0.002
7,19,20,200,0.0,1.0,1.0,1.0,1.0,1.0,0.0008
8,8,30,200,0.0,1.0,1.0,1.0,0.0227,0.0006,0.0027
8,9,29,200,0.0,1.0,1.0,1.0,0.0444,0.0,0.0
8,10,28,200,0.0,1.0,1.0,1.0,0.1004,0.0,0.005
8,11,27,200,0.0,1.0,1.0,1.0,0.7798,0.0954,0.0
8,12,26,200,0.0,1.0,1.0,1.0,1.0,1.0,0.0001
8,13,25,200,0.0,1.0,1.0,1.0,1.0,1.0,0.0
8,14,24,200,0.0,1.0,1.0,1.0,1.0,1.0,0.0
8,15,23,200,0.0,1.0,1.0,1.0,1.0,1.0,0.0
8,16,22,200,0.0,1.0,1.0,1.0,1.0,1.0,0.0
8,17,21,200,0.0,1.0,1.0,1.0,1.0,1.0,0.0
8,18,20,200,0.0,1.0,1.0,1.0,1.0,1.0,0.0
8,19,19,200,0.0,1.0,1.0,1.0,1.0,1.0,0.0
9,9,28,200,0.0,1.0,1.0,1.0,0.1152,0.0005,0.0014
9,10,27,200,0.0,1.0,1.0,1.0,0.1899,0.0,0.0014
9,11,26,200,0.0,1.0,1.0,1.0,0.8294,0.0834,0.0
9,12,25,200,0.0,1.0,1.0,1.0,1.0,1.0,0.0
9,13,24,200,0.0,1.0,1.0,1.0,1.0,1.0,0.0
9,14,23,200,0.0,1.0,1.0,1.0,1.0,1.0,0.0
9,15,22,200,0.0,1.0,1.0,1.0,1.0,1.0,0.0
9,16,21,200,0.0,1.0,1.0,1.0,1.0,1.0,0.0
9,17,20,200,0.0,1.0,1.0,1.0,1.0,1.0,0.0
9,18,19,200,0.0,1.0,1.0,1.0,1.0,1.0,0.0
10,10,26,200,0.0,1.0,1.0,1.0,0.2711,0.0,0.0
10,11,25,200,0.0,1.0,1.0,1.0,0.8856,0.0792,0.0
10,12,24,200,0.0,1.0,1.0,1.0,1.0,1.0,0.0
10,13,23,200,0.0,1.0,1.0,1.0,1.0,1.0,0.0
10,14,22,200,0.0,1.0,1.0,1.0,1.0,1.0,0.0
10,15,21,200,0.0,1.0,1.0,1.0,1.0,1.0,0.0
10,16,20,200,0.0,1.0,1.0,1.0,1.0,1.0,0.0
10,17,19,200,0.0,1.0,1.0,1.0,1.0,1.0,0.0
10,18,18,200,0.0,1.0,1.0,1.0,1.0,1.0,0.0
11,11,24,200,0.0,1.0,1.0,1.0,0.9972,0.0312,0.0223
11,12,23,200,0.0,1.0,1.0,1.0,0.9994,0.9993,0.0007
11,13,22,200,0.0,1.0,1.0,1.0,1.0,1.0,0.0004
11,14,21,200,0.0,1.0,1.0,1.0,0.9999,0.9998,0.0001
11,15,20,200,0.0,1.0,1.0,1.0,1.0,1.0,0.0
11,16,19,200,0.0,1.0,1.0,1.0,1.0,1.0,0.0
11,17,18,200,0.0,1.0,1.0,1.0,0.9999,1.0,0.0
12,12,22,200,0.0,1.0,1.0,1.0,0.4947,0.4177,0.4223
12,13,21,200,0.0,1.0,1.0,1.0,0.4848,0.4089,0.2668
12,14,20,200,0.0,1.0,1.0,1.0,0.4497,0.4132,0.1779
12,15,19,200,0.0,1.0,1.0,1.0,0.454,0.4011,0.1483
12,16,18,200,0.0,1.0,1.0,1.0,0.4312,0.4318,0.1246
12,17,17,200,0.0,1.0,1.0,1.0,0.4369,0.4419,0.1447
13,13,20,200,0.0,1.0,1.0,1.0,0.4006,0.2406,0.2393
13,14,19,200,0.0,1.0,1.0,1.0,0.3943,0.251,0.2011
13,15,18,200,0.0,1.0,1.0,1.0,0.3653,0.2854,0.1762
13,16,17,200,0.0,1.0,1.0,1.0,0.3383,0.3379,0.1601
14,14,18,200,0.0,1.0,1.0,1.0,0.3563,0.2342,0.2275
14,15,17,200,0.0,1.0,1.0,1.0,0.2719,0.2165,0.1778
14,16,16,200,0.0,1.0,1.0,1.0,0.2493,0.2489,0.1579
15,15,16,200,0.0,1.0,1.0,1.0,0.2223,0.1751,0.1826
